[
    {
      "icon": "/images/Icon-o-1.svg",
      "title": "AI Consulting and Strategy",
      "description": "Unlock the power of artificial intelligence with expert guidance tailored to your business needs.",
      "features": [
        "AI Needs Assessment",
        "Strategy Development",
        "Technology Selection"
      ]
    },
    {
      "icon": "/images/Icon-o-2.svg",
      "title": "AI Development and Integration",
      "description": "Empower your business with cutting-edge, AI-powered solutions built to deliver results.",
      "features": [
        "Custom AI Models",
        "Model Training",
        "System Integration"
      ]
    },
    {
      "icon": "/images/Icon-o-3.svg",
      "title": "Natural Language Processing",
      "description": "Unlock the power of artificial intelligence with expert guidance tailored to your business needs.",
      "features": [
        "Chatbots & Virtual Assistants",
        "Sentiment Analysis",
        "Text Summarization"
      ]
    },
    {
      "icon": "/images/Icon-o-4.svg",
      "title": "Computer Vision",
      "description": "Transform your business processes with advanced image and video analysis technologies.",
      "features": [
        "Image Recognition",
        "Object Detection",
        "Facial Recognition"
      ]
    },
    {
      "icon": "/images/Icon-o-5.svg",
      "title": "Predictive Analytics",
      "description": "Stay ahead of the competition with data-driven insights that forecast trends and outcomes.",
      "features": [
        "Forecasting",
        "Recommendation Systems",
        "Risk Assessment"
      ]
    },
    {
      "icon": "/images/Icon-o-6.svg",
      "title": "AI-Powered Automation",
      "description": "Unlock the power of artificial intelligence with expert guidance tailored to your business needs.",
      "features": [
        "Process Automation",
        "Decision Automation",
        "Robotic Process Automation"
      ]
    },
    {
      "icon": "/images/Icon-o-7.svg",
      "title": "Front-end Technology",
      "description": "Turn your product into a visually stunning, user-centric experience with our advanced front-end development services.",
      "features": [
        "Usability and Design",
        "Responsive & Accessibility",
        "Code & Creative Optimization"
      ]
    },
    {
      "icon": "/images/Icon-o-8.svg",
      "title": "Back-end Technology",
      "description": "Stay ahead of the competition with data-driven insights that forecast trends and outcomes.",
      "features": [
        "Scalability and Security",
        "Database & API Integration",
        "Custom Code"
      ]
    },
    {
      "icon": "/images/Icon-o-9.svg",
      "title": "Performance Optimization",
      "description": "Keep your website fast, smooth, and efficient for improved user satisfaction and engagement.",
      "features": [
        "Load Time Optimization",
        "Smooth Navigation"
      ]
    },
    {
      "icon": "/images/Icon-o-10.svg",
      "title": "UI/UX Design Development",
      "description": "Design experiences that captivate and convert with world-class UI/UX design services.",
      "features": [
        "Audit, Strategy & Consultation",
        "Research, Testing & Design",
        "Design System Development"
      ]
    }
  ]
  